/Users/vitaliytv/www/nitra/cursor/.worktrees/main-docgen/.pi/extensions/n-cursor-adr/index.ts|/Users/vitaliytv/www/nitra/cursor/.worktrees/main-docgen/.pi/extensions/n-cursor-adr/docs/index.md
/Users/vitaliytv/www/nitra/cursor/.worktrees/main-docgen/app.py|/Users/vitaliytv/www/nitra/cursor/.worktrees/main-docgen/docs/app.md
/Users/vitaliytv/www/nitra/cursor/.worktrees/main-docgen/benchmarks/runner-comparison/demo/src/currency.mjs|/Users/vitaliytv/www/nitra/cursor/.worktrees/main-docgen/benchmarks/runner-comparison/demo/src/docs/currency.md
/Users/vitaliytv/www/nitra/cursor/.worktrees/main-docgen/benchmarks/runner-comparison/demo/src/promise-pool.mjs|/Users/vitaliytv/www/nitra/cursor/.worktrees/main-docgen/benchmarks/runner-comparison/demo/src/docs/promise-pool.md
/Users/vitaliytv/www/nitra/cursor/.worktrees/main-docgen/benchmarks/runner-comparison/demo/src/retry.mjs|/Users/vitaliytv/www/nitra/cursor/.worktrees/main-docgen/benchmarks/runner-comparison/demo/src/docs/retry.md
/Users/vitaliytv/www/nitra/cursor/.worktrees/main-docgen/benchmarks/runner-comparison/demo/src/slugify.mjs|/Users/vitaliytv/www/nitra/cursor/.worktrees/main-docgen/benchmarks/runner-comparison/demo/src/docs/slugify.md
/Users/vitaliytv/www/nitra/cursor/.worktrees/main-docgen/benchmarks/runner-comparison/demo/src/url-parse.mjs|/Users/vitaliytv/www/nitra/cursor/.worktrees/main-docgen/benchmarks/runner-comparison/demo/src/docs/url-parse.md
/Users/vitaliytv/www/nitra/cursor/.worktrees/main-docgen/benchmarks/runner-comparison/demo/stryker.bun.config.mjs|/Users/vitaliytv/www/nitra/cursor/.worktrees/main-docgen/benchmarks/runner-comparison/demo/docs/stryker.bun.config.md
/Users/vitaliytv/www/nitra/cursor/.worktrees/main-docgen/benchmarks/runner-comparison/demo/stryker.vitest.config.mjs|/Users/vitaliytv/www/nitra/cursor/.worktrees/main-docgen/benchmarks/runner-comparison/demo/docs/stryker.vitest.config.md
/Users/vitaliytv/www/nitra/cursor/.worktrees/main-docgen/benchmarks/runner-comparison/demo/vitest.config.js|/Users/vitaliytv/www/nitra/cursor/.worktrees/main-docgen/benchmarks/runner-comparison/demo/docs/vitest.config.md
/Users/vitaliytv/www/nitra/cursor/.worktrees/main-docgen/benchmarks/runner-comparison/run.mjs|/Users/vitaliytv/www/nitra/cursor/.worktrees/main-docgen/benchmarks/runner-comparison/docs/run.md
/Users/vitaliytv/www/nitra/cursor/.worktrees/main-docgen/demo/src/App.vue|/Users/vitaliytv/www/nitra/cursor/.worktrees/main-docgen/demo/src/docs/App.md
/Users/vitaliytv/www/nitra/cursor/.worktrees/main-docgen/demo/src/main.js|/Users/vitaliytv/www/nitra/cursor/.worktrees/main-docgen/demo/src/docs/main.md
/Users/vitaliytv/www/nitra/cursor/.worktrees/main-docgen/demo/stryker-vue-macros-ignorer.mjs|/Users/vitaliytv/www/nitra/cursor/.worktrees/main-docgen/demo/docs/stryker-vue-macros-ignorer.md
/Users/vitaliytv/www/nitra/cursor/.worktrees/main-docgen/demo/stryker.config.mjs|/Users/vitaliytv/www/nitra/cursor/.worktrees/main-docgen/demo/docs/stryker.config.md
/Users/vitaliytv/www/nitra/cursor/.worktrees/main-docgen/demo/vite.config.js|/Users/vitaliytv/www/nitra/cursor/.worktrees/main-docgen/demo/docs/vite.config.md
/Users/vitaliytv/www/nitra/cursor/.worktrees/main-docgen/demo/vitest.config.js|/Users/vitaliytv/www/nitra/cursor/.worktrees/main-docgen/demo/docs/vitest.config.md
/Users/vitaliytv/www/nitra/cursor/.worktrees/main-docgen/eslint.config.js|/Users/vitaliytv/www/nitra/cursor/.worktrees/main-docgen/docs/eslint.config.md
/Users/vitaliytv/www/nitra/cursor/.worktrees/main-docgen/npm/.pi-template/extensions/n-cursor-adr/index.ts|/Users/vitaliytv/www/nitra/cursor/.worktrees/main-docgen/npm/.pi-template/extensions/n-cursor-adr/docs/index.md
/Users/vitaliytv/www/nitra/cursor/.worktrees/main-docgen/npm/bin/n-cursor.js|/Users/vitaliytv/www/nitra/cursor/.worktrees/main-docgen/npm/bin/docs/n-cursor.md
/Users/vitaliytv/www/nitra/cursor/.worktrees/main-docgen/npm/bin/rename-yaml-extensions.mjs|/Users/vitaliytv/www/nitra/cursor/.worktrees/main-docgen/npm/bin/docs/rename-yaml-extensions.md
/Users/vitaliytv/www/nitra/cursor/.worktrees/main-docgen/npm/rules/abie/fix.mjs|/Users/vitaliytv/www/nitra/cursor/.worktrees/main-docgen/npm/rules/abie/docs/fix.md
/Users/vitaliytv/www/nitra/cursor/.worktrees/main-docgen/npm/rules/abie/js/applies.mjs|/Users/vitaliytv/www/nitra/cursor/.worktrees/main-docgen/npm/rules/abie/js/docs/applies.md
/Users/vitaliytv/www/nitra/cursor/.worktrees/main-docgen/npm/rules/abie/js/env_dns.mjs|/Users/vitaliytv/www/nitra/cursor/.worktrees/main-docgen/npm/rules/abie/js/docs/env_dns.md
/Users/vitaliytv/www/nitra/cursor/.worktrees/main-docgen/npm/rules/abie/js/firebase_hosting.mjs|/Users/vitaliytv/www/nitra/cursor/.worktrees/main-docgen/npm/rules/abie/js/docs/firebase_hosting.md
/Users/vitaliytv/www/nitra/cursor/.worktrees/main-docgen/npm/rules/abie/js/hc_pairing.mjs|/Users/vitaliytv/www/nitra/cursor/.worktrees/main-docgen/npm/rules/abie/js/docs/hc_pairing.md
/Users/vitaliytv/www/nitra/cursor/.worktrees/main-docgen/npm/rules/abie/js/ua_http_route.mjs|/Users/vitaliytv/www/nitra/cursor/.worktrees/main-docgen/npm/rules/abie/js/docs/ua_http_route.md
/Users/vitaliytv/www/nitra/cursor/.worktrees/main-docgen/npm/rules/abie/js/ua_node_selector.mjs|/Users/vitaliytv/www/nitra/cursor/.worktrees/main-docgen/npm/rules/abie/js/docs/ua_node_selector.md
/Users/vitaliytv/www/nitra/cursor/.worktrees/main-docgen/npm/rules/abie/lib/enabled.mjs|/Users/vitaliytv/www/nitra/cursor/.worktrees/main-docgen/npm/rules/abie/lib/docs/enabled.md
/Users/vitaliytv/www/nitra/cursor/.worktrees/main-docgen/npm/rules/abie/lib/env-dns.mjs|/Users/vitaliytv/www/nitra/cursor/.worktrees/main-docgen/npm/rules/abie/lib/docs/env-dns.md
/Users/vitaliytv/www/nitra/cursor/.worktrees/main-docgen/npm/rules/abie/lib/hc-yaml.mjs|/Users/vitaliytv/www/nitra/cursor/.worktrees/main-docgen/npm/rules/abie/lib/docs/hc-yaml.md
/Users/vitaliytv/www/nitra/cursor/.worktrees/main-docgen/npm/rules/abie/lib/http-route.mjs|/Users/vitaliytv/www/nitra/cursor/.worktrees/main-docgen/npm/rules/abie/lib/docs/http-route.md
/Users/vitaliytv/www/nitra/cursor/.worktrees/main-docgen/npm/rules/abie/lib/k8s-tree.mjs|/Users/vitaliytv/www/nitra/cursor/.worktrees/main-docgen/npm/rules/abie/lib/docs/k8s-tree.md
/Users/vitaliytv/www/nitra/cursor/.worktrees/main-docgen/npm/rules/abie/lib/kustomization-patches.mjs|/Users/vitaliytv/www/nitra/cursor/.worktrees/main-docgen/npm/rules/abie/lib/docs/kustomization-patches.md
/Users/vitaliytv/www/nitra/cursor/.worktrees/main-docgen/npm/rules/abie/lib/overlay-paths.mjs|/Users/vitaliytv/www/nitra/cursor/.worktrees/main-docgen/npm/rules/abie/lib/docs/overlay-paths.md
/Users/vitaliytv/www/nitra/cursor/.worktrees/main-docgen/npm/rules/abie/lib/yaml.mjs|/Users/vitaliytv/www/nitra/cursor/.worktrees/main-docgen/npm/rules/abie/lib/docs/yaml.md
/Users/vitaliytv/www/nitra/cursor/.worktrees/main-docgen/npm/rules/adr/fix.mjs|/Users/vitaliytv/www/nitra/cursor/.worktrees/main-docgen/npm/rules/adr/docs/fix.md
/Users/vitaliytv/www/nitra/cursor/.worktrees/main-docgen/npm/rules/adr/js/hooks.mjs|/Users/vitaliytv/www/nitra/cursor/.worktrees/main-docgen/npm/rules/adr/js/docs/hooks.md
/Users/vitaliytv/www/nitra/cursor/.worktrees/main-docgen/npm/rules/bun/fix.mjs|/Users/vitaliytv/www/nitra/cursor/.worktrees/main-docgen/npm/rules/bun/docs/fix.md
/Users/vitaliytv/www/nitra/cursor/.worktrees/main-docgen/npm/rules/bun/js/layout.mjs|/Users/vitaliytv/www/nitra/cursor/.worktrees/main-docgen/npm/rules/bun/js/docs/layout.md
/Users/vitaliytv/www/nitra/cursor/.worktrees/main-docgen/npm/rules/capacitor/fix.mjs|/Users/vitaliytv/www/nitra/cursor/.worktrees/main-docgen/npm/rules/capacitor/docs/fix.md
/Users/vitaliytv/www/nitra/cursor/.worktrees/main-docgen/npm/rules/capacitor/js/platforms.mjs|/Users/vitaliytv/www/nitra/cursor/.worktrees/main-docgen/npm/rules/capacitor/js/docs/platforms.md
/Users/vitaliytv/www/nitra/cursor/.worktrees/main-docgen/npm/rules/changelog/fix.mjs|/Users/vitaliytv/www/nitra/cursor/.worktrees/main-docgen/npm/rules/changelog/docs/fix.md
/Users/vitaliytv/www/nitra/cursor/.worktrees/main-docgen/npm/rules/changelog/js/consistency.mjs|/Users/vitaliytv/www/nitra/cursor/.worktrees/main-docgen/npm/rules/changelog/js/docs/consistency.md
/Users/vitaliytv/www/nitra/cursor/.worktrees/main-docgen/npm/rules/changelog/lib/package-manifest.mjs|/Users/vitaliytv/www/nitra/cursor/.worktrees/main-docgen/npm/rules/changelog/lib/docs/package-manifest.md
/Users/vitaliytv/www/nitra/cursor/.worktrees/main-docgen/npm/rules/ci4/fix.mjs|/Users/vitaliytv/www/nitra/cursor/.worktrees/main-docgen/npm/rules/ci4/docs/fix.md
/Users/vitaliytv/www/nitra/cursor/.worktrees/main-docgen/npm/rules/ci4/js/marksman_config.mjs|/Users/vitaliytv/www/nitra/cursor/.worktrees/main-docgen/npm/rules/ci4/js/docs/marksman_config.md
/Users/vitaliytv/www/nitra/cursor/.worktrees/main-docgen/npm/rules/docker/fix.mjs|/Users/vitaliytv/www/nitra/cursor/.worktrees/main-docgen/npm/rules/docker/docs/fix.md
/Users/vitaliytv/www/nitra/cursor/.worktrees/main-docgen/npm/rules/docker/js/lint.mjs|/Users/vitaliytv/www/nitra/cursor/.worktrees/main-docgen/npm/rules/docker/js/docs/lint.md
/Users/vitaliytv/www/nitra/cursor/.worktrees/main-docgen/npm/rules/docker/lib/docker-hadolint.mjs|/Users/vitaliytv/www/nitra/cursor/.worktrees/main-docgen/npm/rules/docker/lib/docs/docker-hadolint.md
/Users/vitaliytv/www/nitra/cursor/.worktrees/main-docgen/npm/rules/docker/lib/docker-mirror.mjs|/Users/vitaliytv/www/nitra/cursor/.worktrees/main-docgen/npm/rules/docker/lib/docs/docker-mirror.md
/Users/vitaliytv/www/nitra/cursor/.worktrees/main-docgen/npm/rules/docker/lib/docker-native-addon.mjs|/Users/vitaliytv/www/nitra/cursor/.worktrees/main-docgen/npm/rules/docker/lib/docs/docker-native-addon.md
/Users/vitaliytv/www/nitra/cursor/.worktrees/main-docgen/npm/rules/docker/lib/docker-nginx-user.mjs|/Users/vitaliytv/www/nitra/cursor/.worktrees/main-docgen/npm/rules/docker/lib/docs/docker-nginx-user.md
/Users/vitaliytv/www/nitra/cursor/.worktrees/main-docgen/npm/rules/docker/lint/lint.mjs|/Users/vitaliytv/www/nitra/cursor/.worktrees/main-docgen/npm/rules/docker/lint/docs/lint.md
/Users/vitaliytv/www/nitra/cursor/.worktrees/main-docgen/npm/rules/efes/fix.mjs|/Users/vitaliytv/www/nitra/cursor/.worktrees/main-docgen/npm/rules/efes/docs/fix.md
/Users/vitaliytv/www/nitra/cursor/.worktrees/main-docgen/npm/rules/feedback/fix.mjs|/Users/vitaliytv/www/nitra/cursor/.worktrees/main-docgen/npm/rules/feedback/docs/fix.md
/Users/vitaliytv/www/nitra/cursor/.worktrees/main-docgen/npm/rules/flow/fix.mjs|/Users/vitaliytv/www/nitra/cursor/.worktrees/main-docgen/npm/rules/flow/docs/fix.md
/Users/vitaliytv/www/nitra/cursor/.worktrees/main-docgen/npm/rules/ga/fix.mjs|/Users/vitaliytv/www/nitra/cursor/.worktrees/main-docgen/npm/rules/ga/docs/fix.md
/Users/vitaliytv/www/nitra/cursor/.worktrees/main-docgen/npm/rules/ga/js/lint.mjs|/Users/vitaliytv/www/nitra/cursor/.worktrees/main-docgen/npm/rules/ga/js/docs/lint.md
/Users/vitaliytv/www/nitra/cursor/.worktrees/main-docgen/npm/rules/ga/js/workflows.mjs|/Users/vitaliytv/www/nitra/cursor/.worktrees/main-docgen/npm/rules/ga/js/docs/workflows.md
/Users/vitaliytv/www/nitra/cursor/.worktrees/main-docgen/npm/rules/ga/lint/lint.mjs|/Users/vitaliytv/www/nitra/cursor/.worktrees/main-docgen/npm/rules/ga/lint/docs/lint.md
/Users/vitaliytv/www/nitra/cursor/.worktrees/main-docgen/npm/rules/graphql/fix.mjs|/Users/vitaliytv/www/nitra/cursor/.worktrees/main-docgen/npm/rules/graphql/docs/fix.md
/Users/vitaliytv/www/nitra/cursor/.worktrees/main-docgen/npm/rules/graphql/js/tooling.mjs|/Users/vitaliytv/www/nitra/cursor/.worktrees/main-docgen/npm/rules/graphql/js/docs/tooling.md
/Users/vitaliytv/www/nitra/cursor/.worktrees/main-docgen/npm/rules/graphql/lib/graphql-gql-scan.mjs|/Users/vitaliytv/www/nitra/cursor/.worktrees/main-docgen/npm/rules/graphql/lib/docs/graphql-gql-scan.md
/Users/vitaliytv/www/nitra/cursor/.worktrees/main-docgen/npm/rules/hasura/fix.mjs|/Users/vitaliytv/www/nitra/cursor/.worktrees/main-docgen/npm/rules/hasura/docs/fix.md
/Users/vitaliytv/www/nitra/cursor/.worktrees/main-docgen/npm/rules/hasura/js/internal_urls.mjs|/Users/vitaliytv/www/nitra/cursor/.worktrees/main-docgen/npm/rules/hasura/js/docs/internal_urls.md
/Users/vitaliytv/www/nitra/cursor/.worktrees/main-docgen/npm/rules/image-avif/fix.mjs|/Users/vitaliytv/www/nitra/cursor/.worktrees/main-docgen/npm/rules/image-avif/docs/fix.md
/Users/vitaliytv/www/nitra/cursor/.worktrees/main-docgen/npm/rules/image-avif/js/avif_generation.mjs|/Users/vitaliytv/www/nitra/cursor/.worktrees/main-docgen/npm/rules/image-avif/js/docs/avif_generation.md
/Users/vitaliytv/www/nitra/cursor/.worktrees/main-docgen/npm/rules/image-compress/fix.mjs|/Users/vitaliytv/www/nitra/cursor/.worktrees/main-docgen/npm/rules/image-compress/docs/fix.md
/Users/vitaliytv/www/nitra/cursor/.worktrees/main-docgen/npm/rules/image-compress/js/package_setup.mjs|/Users/vitaliytv/www/nitra/cursor/.worktrees/main-docgen/npm/rules/image-compress/js/docs/package_setup.md
/Users/vitaliytv/www/nitra/cursor/.worktrees/main-docgen/npm/rules/js-bun-db/fix.mjs|/Users/vitaliytv/www/nitra/cursor/.worktrees/main-docgen/npm/rules/js-bun-db/docs/fix.md
/Users/vitaliytv/www/nitra/cursor/.worktrees/main-docgen/npm/rules/js-bun-db/js/safety.mjs|/Users/vitaliytv/www/nitra/cursor/.worktrees/main-docgen/npm/rules/js-bun-db/js/docs/safety.md
/Users/vitaliytv/www/nitra/cursor/.worktrees/main-docgen/npm/rules/js-bun-db/lib/bun-sql-scan.mjs|/Users/vitaliytv/www/nitra/cursor/.worktrees/main-docgen/npm/rules/js-bun-db/lib/docs/bun-sql-scan.md
/Users/vitaliytv/www/nitra/cursor/.worktrees/main-docgen/npm/rules/js-bun-redis/fix.mjs|/Users/vitaliytv/www/nitra/cursor/.worktrees/main-docgen/npm/rules/js-bun-redis/docs/fix.md
/Users/vitaliytv/www/nitra/cursor/.worktrees/main-docgen/npm/rules/js-bun-redis/js/imports.mjs|/Users/vitaliytv/www/nitra/cursor/.worktrees/main-docgen/npm/rules/js-bun-redis/js/docs/imports.md
/Users/vitaliytv/www/nitra/cursor/.worktrees/main-docgen/npm/rules/js-bun-redis/lib/redis-imports.mjs|/Users/vitaliytv/www/nitra/cursor/.worktrees/main-docgen/npm/rules/js-bun-redis/lib/docs/redis-imports.md
/Users/vitaliytv/www/nitra/cursor/.worktrees/main-docgen/npm/rules/js-lint/fix.mjs|/Users/vitaliytv/www/nitra/cursor/.worktrees/main-docgen/npm/rules/js-lint/docs/fix.md
/Users/vitaliytv/www/nitra/cursor/.worktrees/main-docgen/npm/rules/js-lint/js/lint.mjs|/Users/vitaliytv/www/nitra/cursor/.worktrees/main-docgen/npm/rules/js-lint/js/docs/lint.md
/Users/vitaliytv/www/nitra/cursor/.worktrees/main-docgen/npm/rules/js-lint/js/tooling.mjs|/Users/vitaliytv/www/nitra/cursor/.worktrees/main-docgen/npm/rules/js-lint/js/docs/tooling.md
/Users/vitaliytv/www/nitra/cursor/.worktrees/main-docgen/npm/rules/js-lint/js/utils_imports.mjs|/Users/vitaliytv/www/nitra/cursor/.worktrees/main-docgen/npm/rules/js-lint/js/docs/utils_imports.md
/Users/vitaliytv/www/nitra/cursor/.worktrees/main-docgen/npm/rules/js-lint-ci/fix.mjs|/Users/vitaliytv/www/nitra/cursor/.worktrees/main-docgen/npm/rules/js-lint-ci/docs/fix.md
/Users/vitaliytv/www/nitra/cursor/.worktrees/main-docgen/npm/rules/js-lint-ci/js/lint.mjs|/Users/vitaliytv/www/nitra/cursor/.worktrees/main-docgen/npm/rules/js-lint-ci/js/docs/lint.md
/Users/vitaliytv/www/nitra/cursor/.worktrees/main-docgen/npm/rules/js-mssql/fix.mjs|/Users/vitaliytv/www/nitra/cursor/.worktrees/main-docgen/npm/rules/js-mssql/docs/fix.md
/Users/vitaliytv/www/nitra/cursor/.worktrees/main-docgen/npm/rules/js-mssql/js/deps.mjs|/Users/vitaliytv/www/nitra/cursor/.worktrees/main-docgen/npm/rules/js-mssql/js/docs/deps.md
/Users/vitaliytv/www/nitra/cursor/.worktrees/main-docgen/npm/rules/js-mssql/lib/mssql-pool-scan.mjs|/Users/vitaliytv/www/nitra/cursor/.worktrees/main-docgen/npm/rules/js-mssql/lib/docs/mssql-pool-scan.md
/Users/vitaliytv/www/nitra/cursor/.worktrees/main-docgen/npm/rules/js-run/fix.mjs|/Users/vitaliytv/www/nitra/cursor/.worktrees/main-docgen/npm/rules/js-run/docs/fix.md
/Users/vitaliytv/www/nitra/cursor/.worktrees/main-docgen/npm/rules/js-run/js/runtime.mjs|/Users/vitaliytv/www/nitra/cursor/.worktrees/main-docgen/npm/rules/js-run/js/docs/runtime.md
/Users/vitaliytv/www/nitra/cursor/.worktrees/main-docgen/npm/rules/js-run/lib/bunyan-imports.mjs|/Users/vitaliytv/www/nitra/cursor/.worktrees/main-docgen/npm/rules/js-run/lib/docs/bunyan-imports.md
/Users/vitaliytv/www/nitra/cursor/.worktrees/main-docgen/npm/rules/js-run/lib/check-env-scan.mjs|/Users/vitaliytv/www/nitra/cursor/.worktrees/main-docgen/npm/rules/js-run/lib/docs/check-env-scan.md
/Users/vitaliytv/www/nitra/cursor/.worktrees/main-docgen/npm/rules/js-run/lib/conn-file-rules.mjs|/Users/vitaliytv/www/nitra/cursor/.worktrees/main-docgen/npm/rules/js-run/lib/docs/conn-file-rules.md
/Users/vitaliytv/www/nitra/cursor/.worktrees/main-docgen/npm/rules/js-run/lib/conn-imports-scan.mjs|/Users/vitaliytv/www/nitra/cursor/.worktrees/main-docgen/npm/rules/js-run/lib/docs/conn-imports-scan.md
/Users/vitaliytv/www/nitra/cursor/.worktrees/main-docgen/npm/rules/js-run/lib/promise-settimeout-scan.mjs|/Users/vitaliytv/www/nitra/cursor/.worktrees/main-docgen/npm/rules/js-run/lib/docs/promise-settimeout-scan.md
/Users/vitaliytv/www/nitra/cursor/.worktrees/main-docgen/npm/rules/k8s/fix.mjs|/Users/vitaliytv/www/nitra/cursor/.worktrees/main-docgen/npm/rules/k8s/docs/fix.md
/Users/vitaliytv/www/nitra/cursor/.worktrees/main-docgen/npm/rules/k8s/js/manifests.mjs|/Users/vitaliytv/www/nitra/cursor/.worktrees/main-docgen/npm/rules/k8s/js/docs/manifests.md
/Users/vitaliytv/www/nitra/cursor/.worktrees/main-docgen/npm/rules/k8s/lint/lint.mjs|/Users/vitaliytv/www/nitra/cursor/.worktrees/main-docgen/npm/rules/k8s/lint/docs/lint.md
/Users/vitaliytv/www/nitra/cursor/.worktrees/main-docgen/npm/rules/nginx-default-tpl/fix.mjs|/Users/vitaliytv/www/nitra/cursor/.worktrees/main-docgen/npm/rules/nginx-default-tpl/docs/fix.md
/Users/vitaliytv/www/nitra/cursor/.worktrees/main-docgen/npm/rules/nginx-default-tpl/js/template.mjs|/Users/vitaliytv/www/nitra/cursor/.worktrees/main-docgen/npm/rules/nginx-default-tpl/js/docs/template.md
/Users/vitaliytv/www/nitra/cursor/.worktrees/main-docgen/npm/rules/npm-module/fix.mjs|/Users/vitaliytv/www/nitra/cursor/.worktrees/main-docgen/npm/rules/npm-module/docs/fix.md
/Users/vitaliytv/www/nitra/cursor/.worktrees/main-docgen/npm/rules/npm-module/js/package_structure.mjs|/Users/vitaliytv/www/nitra/cursor/.worktrees/main-docgen/npm/rules/npm-module/js/docs/package_structure.md
/Users/vitaliytv/www/nitra/cursor/.worktrees/main-docgen/npm/rules/npm-module/js/rule_meta.mjs|/Users/vitaliytv/www/nitra/cursor/.worktrees/main-docgen/npm/rules/npm-module/js/docs/rule_meta.md
/Users/vitaliytv/www/nitra/cursor/.worktrees/main-docgen/npm/rules/npm-module/js/skill_meta.mjs|/Users/vitaliytv/www/nitra/cursor/.worktrees/main-docgen/npm/rules/npm-module/js/docs/skill_meta.md
/Users/vitaliytv/www/nitra/cursor/.worktrees/main-docgen/npm/rules/php/fix.mjs|/Users/vitaliytv/www/nitra/cursor/.worktrees/main-docgen/npm/rules/php/docs/fix.md
/Users/vitaliytv/www/nitra/cursor/.worktrees/main-docgen/npm/rules/php/js/tooling.mjs|/Users/vitaliytv/www/nitra/cursor/.worktrees/main-docgen/npm/rules/php/js/docs/tooling.md
/Users/vitaliytv/www/nitra/cursor/.worktrees/main-docgen/npm/rules/php/lint/lint.mjs|/Users/vitaliytv/www/nitra/cursor/.worktrees/main-docgen/npm/rules/php/lint/docs/lint.md
/Users/vitaliytv/www/nitra/cursor/.worktrees/main-docgen/npm/rules/python/fix.mjs|/Users/vitaliytv/www/nitra/cursor/.worktrees/main-docgen/npm/rules/python/docs/fix.md
/Users/vitaliytv/www/nitra/cursor/.worktrees/main-docgen/npm/rules/python/js/applies.mjs|/Users/vitaliytv/www/nitra/cursor/.worktrees/main-docgen/npm/rules/python/js/docs/applies.md
/Users/vitaliytv/www/nitra/cursor/.worktrees/main-docgen/npm/rules/python/js/tooling.mjs|/Users/vitaliytv/www/nitra/cursor/.worktrees/main-docgen/npm/rules/python/js/docs/tooling.md
/Users/vitaliytv/www/nitra/cursor/.worktrees/main-docgen/npm/rules/python/lint/lint.mjs|/Users/vitaliytv/www/nitra/cursor/.worktrees/main-docgen/npm/rules/python/lint/docs/lint.md
/Users/vitaliytv/www/nitra/cursor/.worktrees/main-docgen/npm/rules/rego/fix.mjs|/Users/vitaliytv/www/nitra/cursor/.worktrees/main-docgen/npm/rules/rego/docs/fix.md
/Users/vitaliytv/www/nitra/cursor/.worktrees/main-docgen/npm/rules/rego/js/applies.mjs|/Users/vitaliytv/www/nitra/cursor/.worktrees/main-docgen/npm/rules/rego/js/docs/applies.md
/Users/vitaliytv/www/nitra/cursor/.worktrees/main-docgen/npm/rules/rego/js/lint.mjs|/Users/vitaliytv/www/nitra/cursor/.worktrees/main-docgen/npm/rules/rego/js/docs/lint.md
/Users/vitaliytv/www/nitra/cursor/.worktrees/main-docgen/npm/rules/rego/lint/lint.mjs|/Users/vitaliytv/www/nitra/cursor/.worktrees/main-docgen/npm/rules/rego/lint/docs/lint.md
/Users/vitaliytv/www/nitra/cursor/.worktrees/main-docgen/npm/rules/release/change.mjs|/Users/vitaliytv/www/nitra/cursor/.worktrees/main-docgen/npm/rules/release/docs/change.md
/Users/vitaliytv/www/nitra/cursor/.worktrees/main-docgen/npm/rules/release/fix.mjs|/Users/vitaliytv/www/nitra/cursor/.worktrees/main-docgen/npm/rules/release/docs/fix.md
/Users/vitaliytv/www/nitra/cursor/.worktrees/main-docgen/npm/rules/release/lib/aggregate.mjs|/Users/vitaliytv/www/nitra/cursor/.worktrees/main-docgen/npm/rules/release/lib/docs/aggregate.md
/Users/vitaliytv/www/nitra/cursor/.worktrees/main-docgen/npm/rules/release/lib/change-file.mjs|/Users/vitaliytv/www/nitra/cursor/.worktrees/main-docgen/npm/rules/release/lib/docs/change-file.md
/Users/vitaliytv/www/nitra/cursor/.worktrees/main-docgen/npm/rules/release/lib/fallback.mjs|/Users/vitaliytv/www/nitra/cursor/.worktrees/main-docgen/npm/rules/release/lib/docs/fallback.md
/Users/vitaliytv/www/nitra/cursor/.worktrees/main-docgen/npm/rules/release/release.mjs|/Users/vitaliytv/www/nitra/cursor/.worktrees/main-docgen/npm/rules/release/docs/release.md
/Users/vitaliytv/www/nitra/cursor/.worktrees/main-docgen/npm/rules/rust/fix.mjs|/Users/vitaliytv/www/nitra/cursor/.worktrees/main-docgen/npm/rules/rust/docs/fix.md
/Users/vitaliytv/www/nitra/cursor/.worktrees/main-docgen/npm/rules/rust/js/applies.mjs|/Users/vitaliytv/www/nitra/cursor/.worktrees/main-docgen/npm/rules/rust/js/docs/applies.md
/Users/vitaliytv/www/nitra/cursor/.worktrees/main-docgen/npm/rules/rust/lib/has-cargo-toml.mjs|/Users/vitaliytv/www/nitra/cursor/.worktrees/main-docgen/npm/rules/rust/lib/docs/has-cargo-toml.md
/Users/vitaliytv/www/nitra/cursor/.worktrees/main-docgen/npm/rules/security/fix.mjs|/Users/vitaliytv/www/nitra/cursor/.worktrees/main-docgen/npm/rules/security/docs/fix.md
/Users/vitaliytv/www/nitra/cursor/.worktrees/main-docgen/npm/rules/security/js/lint.mjs|/Users/vitaliytv/www/nitra/cursor/.worktrees/main-docgen/npm/rules/security/js/docs/lint.md
/Users/vitaliytv/www/nitra/cursor/.worktrees/main-docgen/npm/rules/security/js/sample_secret.mjs|/Users/vitaliytv/www/nitra/cursor/.worktrees/main-docgen/npm/rules/security/js/docs/sample_secret.md
/Users/vitaliytv/www/nitra/cursor/.worktrees/main-docgen/npm/rules/security/js/trufflehog.mjs|/Users/vitaliytv/www/nitra/cursor/.worktrees/main-docgen/npm/rules/security/js/docs/trufflehog.md
/Users/vitaliytv/www/nitra/cursor/.worktrees/main-docgen/npm/rules/style-lint/fix.mjs|/Users/vitaliytv/www/nitra/cursor/.worktrees/main-docgen/npm/rules/style-lint/docs/fix.md
/Users/vitaliytv/www/nitra/cursor/.worktrees/main-docgen/npm/rules/style-lint/js/lint.mjs|/Users/vitaliytv/www/nitra/cursor/.worktrees/main-docgen/npm/rules/style-lint/js/docs/lint.md
/Users/vitaliytv/www/nitra/cursor/.worktrees/main-docgen/npm/rules/style-lint/js/tooling.mjs|/Users/vitaliytv/www/nitra/cursor/.worktrees/main-docgen/npm/rules/style-lint/js/docs/tooling.md
/Users/vitaliytv/www/nitra/cursor/.worktrees/main-docgen/npm/rules/tauri/fix.mjs|/Users/vitaliytv/www/nitra/cursor/.worktrees/main-docgen/npm/rules/tauri/docs/fix.md
/Users/vitaliytv/www/nitra/cursor/.worktrees/main-docgen/npm/rules/tauri/js/cargo_mutants_config.mjs|/Users/vitaliytv/www/nitra/cursor/.worktrees/main-docgen/npm/rules/tauri/js/docs/cargo_mutants_config.md
/Users/vitaliytv/www/nitra/cursor/.worktrees/main-docgen/npm/rules/tauri/js/tooling.mjs|/Users/vitaliytv/www/nitra/cursor/.worktrees/main-docgen/npm/rules/tauri/js/docs/tooling.md
/Users/vitaliytv/www/nitra/cursor/.worktrees/main-docgen/npm/rules/test/fix.mjs|/Users/vitaliytv/www/nitra/cursor/.worktrees/main-docgen/npm/rules/test/docs/fix.md
/Users/vitaliytv/www/nitra/cursor/.worktrees/main-docgen/npm/rules/test/js/cargo_mutants_config.mjs|/Users/vitaliytv/www/nitra/cursor/.worktrees/main-docgen/npm/rules/test/js/docs/cargo_mutants_config.md
/Users/vitaliytv/www/nitra/cursor/.worktrees/main-docgen/npm/rules/test/js/data/stryker_config/stryker-vue-macros-ignorer.mjs|/Users/vitaliytv/www/nitra/cursor/.worktrees/main-docgen/npm/rules/test/js/data/stryker_config/docs/stryker-vue-macros-ignorer.md
/Users/vitaliytv/www/nitra/cursor/.worktrees/main-docgen/npm/rules/test/js/data/stryker_config/stryker.config.baseline.mjs|/Users/vitaliytv/www/nitra/cursor/.worktrees/main-docgen/npm/rules/test/js/data/stryker_config/docs/stryker.config.baseline.md
/Users/vitaliytv/www/nitra/cursor/.worktrees/main-docgen/npm/rules/test/js/data/stryker_config/stryker.config.vue.baseline.mjs|/Users/vitaliytv/www/nitra/cursor/.worktrees/main-docgen/npm/rules/test/js/data/stryker_config/docs/stryker.config.vue.baseline.md
/Users/vitaliytv/www/nitra/cursor/.worktrees/main-docgen/npm/rules/test/js/data/vitest_config/vitest.config.baseline.js|/Users/vitaliytv/www/nitra/cursor/.worktrees/main-docgen/npm/rules/test/js/data/vitest_config/docs/vitest.config.baseline.md
/Users/vitaliytv/www/nitra/cursor/.worktrees/main-docgen/npm/rules/test/js/location.mjs|/Users/vitaliytv/www/nitra/cursor/.worktrees/main-docgen/npm/rules/test/js/docs/location.md
/Users/vitaliytv/www/nitra/cursor/.worktrees/main-docgen/npm/rules/test/js/no-process-chdir.mjs|/Users/vitaliytv/www/nitra/cursor/.worktrees/main-docgen/npm/rules/test/js/docs/no-process-chdir.md
/Users/vitaliytv/www/nitra/cursor/.worktrees/main-docgen/npm/rules/test/js/no-relative-fs-path.mjs|/Users/vitaliytv/www/nitra/cursor/.worktrees/main-docgen/npm/rules/test/js/docs/no-relative-fs-path.md
/Users/vitaliytv/www/nitra/cursor/.worktrees/main-docgen/npm/rules/test/js/stryker_config.mjs|/Users/vitaliytv/www/nitra/cursor/.worktrees/main-docgen/npm/rules/test/js/docs/stryker_config.md
/Users/vitaliytv/www/nitra/cursor/.worktrees/main-docgen/npm/rules/test/js/vitest-config-pool-forks.mjs|/Users/vitaliytv/www/nitra/cursor/.worktrees/main-docgen/npm/rules/test/js/docs/vitest-config-pool-forks.md
/Users/vitaliytv/www/nitra/cursor/.worktrees/main-docgen/npm/rules/text/fix.mjs|/Users/vitaliytv/www/nitra/cursor/.worktrees/main-docgen/npm/rules/text/docs/fix.md
/Users/vitaliytv/www/nitra/cursor/.worktrees/main-docgen/npm/rules/text/js/forbidden-prettier.mjs|/Users/vitaliytv/www/nitra/cursor/.worktrees/main-docgen/npm/rules/text/js/docs/forbidden-prettier.md
/Users/vitaliytv/www/nitra/cursor/.worktrees/main-docgen/npm/rules/text/js/formatting.mjs|/Users/vitaliytv/www/nitra/cursor/.worktrees/main-docgen/npm/rules/text/js/docs/formatting.md
/Users/vitaliytv/www/nitra/cursor/.worktrees/main-docgen/npm/rules/text/js/lint.mjs|/Users/vitaliytv/www/nitra/cursor/.worktrees/main-docgen/npm/rules/text/js/docs/lint.md
/Users/vitaliytv/www/nitra/cursor/.worktrees/main-docgen/npm/rules/text/lint/lint.mjs|/Users/vitaliytv/www/nitra/cursor/.worktrees/main-docgen/npm/rules/text/lint/docs/lint.md
/Users/vitaliytv/www/nitra/cursor/.worktrees/main-docgen/npm/rules/text/lint/run-dotenv-linter.mjs|/Users/vitaliytv/www/nitra/cursor/.worktrees/main-docgen/npm/rules/text/lint/docs/run-dotenv-linter.md
/Users/vitaliytv/www/nitra/cursor/.worktrees/main-docgen/npm/rules/text/lint/run-shellcheck.mjs|/Users/vitaliytv/www/nitra/cursor/.worktrees/main-docgen/npm/rules/text/lint/docs/run-shellcheck.md
/Users/vitaliytv/www/nitra/cursor/.worktrees/main-docgen/npm/rules/text/lint/run-v8r.mjs|/Users/vitaliytv/www/nitra/cursor/.worktrees/main-docgen/npm/rules/text/lint/docs/run-v8r.md
/Users/vitaliytv/www/nitra/cursor/.worktrees/main-docgen/npm/rules/vue/fix.mjs|/Users/vitaliytv/www/nitra/cursor/.worktrees/main-docgen/npm/rules/vue/docs/fix.md
/Users/vitaliytv/www/nitra/cursor/.worktrees/main-docgen/npm/rules/vue/js/packages.mjs|/Users/vitaliytv/www/nitra/cursor/.worktrees/main-docgen/npm/rules/vue/js/docs/packages.md
/Users/vitaliytv/www/nitra/cursor/.worktrees/main-docgen/npm/rules/vue/lib/vue-forbidden-imports.mjs|/Users/vitaliytv/www/nitra/cursor/.worktrees/main-docgen/npm/rules/vue/lib/docs/vue-forbidden-imports.md
/Users/vitaliytv/www/nitra/cursor/.worktrees/main-docgen/npm/rules/worktree/fix.mjs|/Users/vitaliytv/www/nitra/cursor/.worktrees/main-docgen/npm/rules/worktree/docs/fix.md
/Users/vitaliytv/www/nitra/cursor/.worktrees/main-docgen/npm/scripts/auto-rules.mjs|/Users/vitaliytv/www/nitra/cursor/.worktrees/main-docgen/npm/scripts/docs/auto-rules.md
/Users/vitaliytv/www/nitra/cursor/.worktrees/main-docgen/npm/scripts/auto-skills.mjs|/Users/vitaliytv/www/nitra/cursor/.worktrees/main-docgen/npm/scripts/docs/auto-skills.md
/Users/vitaliytv/www/nitra/cursor/.worktrees/main-docgen/npm/scripts/build-agents-commands.mjs|/Users/vitaliytv/www/nitra/cursor/.worktrees/main-docgen/npm/scripts/docs/build-agents-commands.md
/Users/vitaliytv/www/nitra/cursor/.worktrees/main-docgen/npm/scripts/cli-entry.mjs|/Users/vitaliytv/www/nitra/cursor/.worktrees/main-docgen/npm/scripts/docs/cli-entry.md
/Users/vitaliytv/www/nitra/cursor/.worktrees/main-docgen/npm/scripts/coverage-classify/apply.mjs|/Users/vitaliytv/www/nitra/cursor/.worktrees/main-docgen/npm/scripts/coverage-classify/docs/apply.md
/Users/vitaliytv/www/nitra/cursor/.worktrees/main-docgen/npm/scripts/coverage-classify/cache.mjs|/Users/vitaliytv/www/nitra/cursor/.worktrees/main-docgen/npm/scripts/coverage-classify/docs/cache.md
/Users/vitaliytv/www/nitra/cursor/.worktrees/main-docgen/npm/scripts/coverage-classify/index.mjs|/Users/vitaliytv/www/nitra/cursor/.worktrees/main-docgen/npm/scripts/coverage-classify/docs/index.md
/Users/vitaliytv/www/nitra/cursor/.worktrees/main-docgen/npm/scripts/coverage-classify/prompt.mjs|/Users/vitaliytv/www/nitra/cursor/.worktrees/main-docgen/npm/scripts/coverage-classify/docs/prompt.md
/Users/vitaliytv/www/nitra/cursor/.worktrees/main-docgen/npm/scripts/coverage-classify/verdict-schema.mjs|/Users/vitaliytv/www/nitra/cursor/.worktrees/main-docgen/npm/scripts/coverage-classify/docs/verdict-schema.md
/Users/vitaliytv/www/nitra/cursor/.worktrees/main-docgen/npm/scripts/coverage-fix.mjs|/Users/vitaliytv/www/nitra/cursor/.worktrees/main-docgen/npm/scripts/docs/coverage-fix.md
/Users/vitaliytv/www/nitra/cursor/.worktrees/main-docgen/npm/scripts/dispatcher/graph.mjs|/Users/vitaliytv/www/nitra/cursor/.worktrees/main-docgen/npm/scripts/dispatcher/docs/graph.md
/Users/vitaliytv/www/nitra/cursor/.worktrees/main-docgen/npm/scripts/dispatcher/index.mjs|/Users/vitaliytv/www/nitra/cursor/.worktrees/main-docgen/npm/scripts/dispatcher/docs/index.md
/Users/vitaliytv/www/nitra/cursor/.worktrees/main-docgen/npm/scripts/dispatcher/lib/active.mjs|/Users/vitaliytv/www/nitra/cursor/.worktrees/main-docgen/npm/scripts/dispatcher/lib/docs/active.md
/Users/vitaliytv/www/nitra/cursor/.worktrees/main-docgen/npm/scripts/dispatcher/lib/artifact.mjs|/Users/vitaliytv/www/nitra/cursor/.worktrees/main-docgen/npm/scripts/dispatcher/lib/docs/artifact.md
/Users/vitaliytv/www/nitra/cursor/.worktrees/main-docgen/npm/scripts/dispatcher/lib/budget.mjs|/Users/vitaliytv/www/nitra/cursor/.worktrees/main-docgen/npm/scripts/dispatcher/lib/docs/budget.md
/Users/vitaliytv/www/nitra/cursor/.worktrees/main-docgen/npm/scripts/dispatcher/lib/capability.mjs|/Users/vitaliytv/www/nitra/cursor/.worktrees/main-docgen/npm/scripts/dispatcher/lib/docs/capability.md
/Users/vitaliytv/www/nitra/cursor/.worktrees/main-docgen/npm/scripts/dispatcher/lib/commands.mjs|/Users/vitaliytv/www/nitra/cursor/.worktrees/main-docgen/npm/scripts/dispatcher/lib/docs/commands.md
/Users/vitaliytv/www/nitra/cursor/.worktrees/main-docgen/npm/scripts/dispatcher/lib/events.mjs|/Users/vitaliytv/www/nitra/cursor/.worktrees/main-docgen/npm/scripts/dispatcher/lib/docs/events.md
/Users/vitaliytv/www/nitra/cursor/.worktrees/main-docgen/npm/scripts/dispatcher/lib/executor.mjs|/Users/vitaliytv/www/nitra/cursor/.worktrees/main-docgen/npm/scripts/dispatcher/lib/docs/executor.md
/Users/vitaliytv/www/nitra/cursor/.worktrees/main-docgen/npm/scripts/dispatcher/lib/flow-lock.mjs|/Users/vitaliytv/www/nitra/cursor/.worktrees/main-docgen/npm/scripts/dispatcher/lib/docs/flow-lock.md
/Users/vitaliytv/www/nitra/cursor/.worktrees/main-docgen/npm/scripts/dispatcher/lib/flow-resolve.mjs|/Users/vitaliytv/www/nitra/cursor/.worktrees/main-docgen/npm/scripts/dispatcher/lib/docs/flow-resolve.md
/Users/vitaliytv/www/nitra/cursor/.worktrees/main-docgen/npm/scripts/dispatcher/lib/gate.mjs|/Users/vitaliytv/www/nitra/cursor/.worktrees/main-docgen/npm/scripts/dispatcher/lib/docs/gate.md
/Users/vitaliytv/www/nitra/cursor/.worktrees/main-docgen/npm/scripts/dispatcher/lib/level.mjs|/Users/vitaliytv/www/nitra/cursor/.worktrees/main-docgen/npm/scripts/dispatcher/lib/docs/level.md
/Users/vitaliytv/www/nitra/cursor/.worktrees/main-docgen/npm/scripts/dispatcher/lib/plan-panel.mjs|/Users/vitaliytv/www/nitra/cursor/.worktrees/main-docgen/npm/scripts/dispatcher/lib/docs/plan-panel.md
/Users/vitaliytv/www/nitra/cursor/.worktrees/main-docgen/npm/scripts/dispatcher/lib/plan.mjs|/Users/vitaliytv/www/nitra/cursor/.worktrees/main-docgen/npm/scripts/dispatcher/lib/docs/plan.md
/Users/vitaliytv/www/nitra/cursor/.worktrees/main-docgen/npm/scripts/dispatcher/lib/planner.mjs|/Users/vitaliytv/www/nitra/cursor/.worktrees/main-docgen/npm/scripts/dispatcher/lib/docs/planner.md
/Users/vitaliytv/www/nitra/cursor/.worktrees/main-docgen/npm/scripts/dispatcher/lib/review.mjs|/Users/vitaliytv/www/nitra/cursor/.worktrees/main-docgen/npm/scripts/dispatcher/lib/docs/review.md
/Users/vitaliytv/www/nitra/cursor/.worktrees/main-docgen/npm/scripts/dispatcher/lib/reviewer.mjs|/Users/vitaliytv/www/nitra/cursor/.worktrees/main-docgen/npm/scripts/dispatcher/lib/docs/reviewer.md
/Users/vitaliytv/www/nitra/cursor/.worktrees/main-docgen/npm/scripts/dispatcher/lib/snapshot.mjs|/Users/vitaliytv/www/nitra/cursor/.worktrees/main-docgen/npm/scripts/dispatcher/lib/docs/snapshot.md
/Users/vitaliytv/www/nitra/cursor/.worktrees/main-docgen/npm/scripts/dispatcher/lib/spec.mjs|/Users/vitaliytv/www/nitra/cursor/.worktrees/main-docgen/npm/scripts/dispatcher/lib/docs/spec.md
/Users/vitaliytv/www/nitra/cursor/.worktrees/main-docgen/npm/scripts/dispatcher/lib/state-store.mjs|/Users/vitaliytv/www/nitra/cursor/.worktrees/main-docgen/npm/scripts/dispatcher/lib/docs/state-store.md
/Users/vitaliytv/www/nitra/cursor/.worktrees/main-docgen/npm/scripts/dispatcher/lib/subagent-runner.mjs|/Users/vitaliytv/www/nitra/cursor/.worktrees/main-docgen/npm/scripts/dispatcher/lib/docs/subagent-runner.md
/Users/vitaliytv/www/nitra/cursor/.worktrees/main-docgen/npm/scripts/dispatcher/trace.mjs|/Users/vitaliytv/www/nitra/cursor/.worktrees/main-docgen/npm/scripts/dispatcher/docs/trace.md
/Users/vitaliytv/www/nitra/cursor/.worktrees/main-docgen/npm/scripts/ensure-nitra-cursor-dev-dependencies.mjs|/Users/vitaliytv/www/nitra/cursor/.worktrees/main-docgen/npm/scripts/docs/ensure-nitra-cursor-dev-dependencies.md
/Users/vitaliytv/www/nitra/cursor/.worktrees/main-docgen/npm/scripts/lib/changed-files.mjs|/Users/vitaliytv/www/nitra/cursor/.worktrees/main-docgen/npm/scripts/lib/docs/changed-files.md
/Users/vitaliytv/www/nitra/cursor/.worktrees/main-docgen/npm/scripts/lib/check-mdc-template-refs.mjs|/Users/vitaliytv/www/nitra/cursor/.worktrees/main-docgen/npm/scripts/lib/docs/check-mdc-template-refs.md
/Users/vitaliytv/www/nitra/cursor/.worktrees/main-docgen/npm/scripts/lib/check-reporter.mjs|/Users/vitaliytv/www/nitra/cursor/.worktrees/main-docgen/npm/scripts/lib/docs/check-reporter.md
/Users/vitaliytv/www/nitra/cursor/.worktrees/main-docgen/npm/scripts/lib/discover-check-rules-from-cursor.mjs|/Users/vitaliytv/www/nitra/cursor/.worktrees/main-docgen/npm/scripts/lib/docs/discover-check-rules-from-cursor.md
/Users/vitaliytv/www/nitra/cursor/.worktrees/main-docgen/npm/scripts/lib/discover-checkable-rules.mjs|/Users/vitaliytv/www/nitra/cursor/.worktrees/main-docgen/npm/scripts/lib/docs/discover-checkable-rules.md
/Users/vitaliytv/www/nitra/cursor/.worktrees/main-docgen/npm/scripts/lib/ensure-tool.mjs|/Users/vitaliytv/www/nitra/cursor/.worktrees/main-docgen/npm/scripts/lib/docs/ensure-tool.md
/Users/vitaliytv/www/nitra/cursor/.worktrees/main-docgen/npm/scripts/lib/generated-markdown.mjs|/Users/vitaliytv/www/nitra/cursor/.worktrees/main-docgen/npm/scripts/lib/docs/generated-markdown.md
/Users/vitaliytv/www/nitra/cursor/.worktrees/main-docgen/npm/scripts/lib/gha-workflow.mjs|/Users/vitaliytv/www/nitra/cursor/.worktrees/main-docgen/npm/scripts/lib/docs/gha-workflow.md
/Users/vitaliytv/www/nitra/cursor/.worktrees/main-docgen/npm/scripts/lib/inline-template-links.mjs|/Users/vitaliytv/www/nitra/cursor/.worktrees/main-docgen/npm/scripts/lib/docs/inline-template-links.md
/Users/vitaliytv/www/nitra/cursor/.worktrees/main-docgen/npm/scripts/lib/list-rule-ids.mjs|/Users/vitaliytv/www/nitra/cursor/.worktrees/main-docgen/npm/scripts/lib/docs/list-rule-ids.md
/Users/vitaliytv/www/nitra/cursor/.worktrees/main-docgen/npm/scripts/lib/load-cursor-config.mjs|/Users/vitaliytv/www/nitra/cursor/.worktrees/main-docgen/npm/scripts/lib/docs/load-cursor-config.md
/Users/vitaliytv/www/nitra/cursor/.worktrees/main-docgen/npm/scripts/lib/mirror-parity.mjs|/Users/vitaliytv/www/nitra/cursor/.worktrees/main-docgen/npm/scripts/lib/docs/mirror-parity.md
/Users/vitaliytv/www/nitra/cursor/.worktrees/main-docgen/npm/scripts/lib/read-n-cursor-config-lite.mjs|/Users/vitaliytv/www/nitra/cursor/.worktrees/main-docgen/npm/scripts/lib/docs/read-n-cursor-config-lite.md
/Users/vitaliytv/www/nitra/cursor/.worktrees/main-docgen/npm/scripts/lib/resolve-target-files.mjs|/Users/vitaliytv/www/nitra/cursor/.worktrees/main-docgen/npm/scripts/lib/docs/resolve-target-files.md
/Users/vitaliytv/www/nitra/cursor/.worktrees/main-docgen/npm/scripts/lib/rule-meta-helpers.mjs|/Users/vitaliytv/www/nitra/cursor/.worktrees/main-docgen/npm/scripts/lib/docs/rule-meta-helpers.md
/Users/vitaliytv/www/nitra/cursor/.worktrees/main-docgen/npm/scripts/lib/rule-meta.mjs|/Users/vitaliytv/www/nitra/cursor/.worktrees/main-docgen/npm/scripts/lib/docs/rule-meta.md
/Users/vitaliytv/www/nitra/cursor/.worktrees/main-docgen/npm/scripts/lib/rule-predicates.mjs|/Users/vitaliytv/www/nitra/cursor/.worktrees/main-docgen/npm/scripts/lib/docs/rule-predicates.md
/Users/vitaliytv/www/nitra/cursor/.worktrees/main-docgen/npm/scripts/lib/run-conftest-batch.mjs|/Users/vitaliytv/www/nitra/cursor/.worktrees/main-docgen/npm/scripts/lib/docs/run-conftest-batch.md
/Users/vitaliytv/www/nitra/cursor/.worktrees/main-docgen/npm/scripts/lib/run-lint-step.mjs|/Users/vitaliytv/www/nitra/cursor/.worktrees/main-docgen/npm/scripts/lib/docs/run-lint-step.md
/Users/vitaliytv/www/nitra/cursor/.worktrees/main-docgen/npm/scripts/lib/run-rule-cli.mjs|/Users/vitaliytv/www/nitra/cursor/.worktrees/main-docgen/npm/scripts/lib/docs/run-rule-cli.md
/Users/vitaliytv/www/nitra/cursor/.worktrees/main-docgen/npm/scripts/lib/run-rule.mjs|/Users/vitaliytv/www/nitra/cursor/.worktrees/main-docgen/npm/scripts/lib/docs/run-rule.md
/Users/vitaliytv/www/nitra/cursor/.worktrees/main-docgen/npm/scripts/lib/run-standard-lint.mjs|/Users/vitaliytv/www/nitra/cursor/.worktrees/main-docgen/npm/scripts/lib/docs/run-standard-lint.md
/Users/vitaliytv/www/nitra/cursor/.worktrees/main-docgen/npm/scripts/lib/run-standard-rule.mjs|/Users/vitaliytv/www/nitra/cursor/.worktrees/main-docgen/npm/scripts/lib/docs/run-standard-rule.md
/Users/vitaliytv/www/nitra/cursor/.worktrees/main-docgen/npm/scripts/lib/skill-meta.mjs|/Users/vitaliytv/www/nitra/cursor/.worktrees/main-docgen/npm/scripts/lib/docs/skill-meta.md
/Users/vitaliytv/www/nitra/cursor/.worktrees/main-docgen/npm/scripts/lib/sync-gitignore-worktree.mjs|/Users/vitaliytv/www/nitra/cursor/.worktrees/main-docgen/npm/scripts/lib/docs/sync-gitignore-worktree.md
/Users/vitaliytv/www/nitra/cursor/.worktrees/main-docgen/npm/scripts/lib/template.mjs|/Users/vitaliytv/www/nitra/cursor/.worktrees/main-docgen/npm/scripts/lib/docs/template.md
/Users/vitaliytv/www/nitra/cursor/.worktrees/main-docgen/npm/scripts/lib/timing-summary.mjs|/Users/vitaliytv/www/nitra/cursor/.worktrees/main-docgen/npm/scripts/lib/docs/timing-summary.md
/Users/vitaliytv/www/nitra/cursor/.worktrees/main-docgen/npm/scripts/lib/workspaces.mjs|/Users/vitaliytv/www/nitra/cursor/.worktrees/main-docgen/npm/scripts/lib/docs/workspaces.md
/Users/vitaliytv/www/nitra/cursor/.worktrees/main-docgen/npm/scripts/lib/worktree-notice.mjs|/Users/vitaliytv/www/nitra/cursor/.worktrees/main-docgen/npm/scripts/lib/docs/worktree-notice.md
/Users/vitaliytv/www/nitra/cursor/.worktrees/main-docgen/npm/scripts/lib/worktree.mjs|/Users/vitaliytv/www/nitra/cursor/.worktrees/main-docgen/npm/scripts/lib/docs/worktree.md
/Users/vitaliytv/www/nitra/cursor/.worktrees/main-docgen/npm/scripts/lint-cli.mjs|/Users/vitaliytv/www/nitra/cursor/.worktrees/main-docgen/npm/scripts/docs/lint-cli.md
/Users/vitaliytv/www/nitra/cursor/.worktrees/main-docgen/npm/scripts/post-tool-use-fix.mjs|/Users/vitaliytv/www/nitra/cursor/.worktrees/main-docgen/npm/scripts/docs/post-tool-use-fix.md
/Users/vitaliytv/www/nitra/cursor/.worktrees/main-docgen/npm/scripts/rename-yaml-extensions.mjs|/Users/vitaliytv/www/nitra/cursor/.worktrees/main-docgen/npm/scripts/docs/rename-yaml-extensions.md
/Users/vitaliytv/www/nitra/cursor/.worktrees/main-docgen/npm/scripts/skills-cli.mjs|/Users/vitaliytv/www/nitra/cursor/.worktrees/main-docgen/npm/scripts/docs/skills-cli.md
/Users/vitaliytv/www/nitra/cursor/.worktrees/main-docgen/npm/scripts/sync-claude-config.mjs|/Users/vitaliytv/www/nitra/cursor/.worktrees/main-docgen/npm/scripts/docs/sync-claude-config.md
/Users/vitaliytv/www/nitra/cursor/.worktrees/main-docgen/npm/scripts/sync-setup-bun-deps-action.mjs|/Users/vitaliytv/www/nitra/cursor/.worktrees/main-docgen/npm/scripts/docs/sync-setup-bun-deps-action.md
/Users/vitaliytv/www/nitra/cursor/.worktrees/main-docgen/npm/scripts/tests/fixtures/cli-entry-as-cli.mjs|/Users/vitaliytv/www/nitra/cursor/.worktrees/main-docgen/npm/scripts/tests/fixtures/docs/cli-entry-as-cli.md
/Users/vitaliytv/www/nitra/cursor/.worktrees/main-docgen/npm/scripts/upgrade-nitra-cursor-and-install.mjs|/Users/vitaliytv/www/nitra/cursor/.worktrees/main-docgen/npm/scripts/docs/upgrade-nitra-cursor-and-install.md
/Users/vitaliytv/www/nitra/cursor/.worktrees/main-docgen/npm/scripts/utils/ast-scan-utils.mjs|/Users/vitaliytv/www/nitra/cursor/.worktrees/main-docgen/npm/scripts/utils/docs/ast-scan-utils.md
/Users/vitaliytv/www/nitra/cursor/.worktrees/main-docgen/npm/scripts/utils/ensure-gitignore-entries.mjs|/Users/vitaliytv/www/nitra/cursor/.worktrees/main-docgen/npm/scripts/utils/docs/ensure-gitignore-entries.md
/Users/vitaliytv/www/nitra/cursor/.worktrees/main-docgen/npm/scripts/utils/find-package-json-paths.mjs|/Users/vitaliytv/www/nitra/cursor/.worktrees/main-docgen/npm/scripts/utils/docs/find-package-json-paths.md
/Users/vitaliytv/www/nitra/cursor/.worktrees/main-docgen/npm/scripts/utils/lock-cache-dir.mjs|/Users/vitaliytv/www/nitra/cursor/.worktrees/main-docgen/npm/scripts/utils/docs/lock-cache-dir.md
/Users/vitaliytv/www/nitra/cursor/.worktrees/main-docgen/npm/scripts/utils/pass.mjs|/Users/vitaliytv/www/nitra/cursor/.worktrees/main-docgen/npm/scripts/utils/docs/pass.md
/Users/vitaliytv/www/nitra/cursor/.worktrees/main-docgen/npm/scripts/utils/resolve-cargo-manifest.mjs|/Users/vitaliytv/www/nitra/cursor/.worktrees/main-docgen/npm/scripts/utils/docs/resolve-cargo-manifest.md
/Users/vitaliytv/www/nitra/cursor/.worktrees/main-docgen/npm/scripts/utils/resolve-cmd.mjs|/Users/vitaliytv/www/nitra/cursor/.worktrees/main-docgen/npm/scripts/utils/docs/resolve-cmd.md
/Users/vitaliytv/www/nitra/cursor/.worktrees/main-docgen/npm/scripts/utils/resolve-js-root.mjs|/Users/vitaliytv/www/nitra/cursor/.worktrees/main-docgen/npm/scripts/utils/docs/resolve-js-root.md
/Users/vitaliytv/www/nitra/cursor/.worktrees/main-docgen/npm/scripts/utils/test-helpers.mjs|/Users/vitaliytv/www/nitra/cursor/.worktrees/main-docgen/npm/scripts/utils/docs/test-helpers.md
/Users/vitaliytv/www/nitra/cursor/.worktrees/main-docgen/npm/scripts/utils/walk-cache.mjs|/Users/vitaliytv/www/nitra/cursor/.worktrees/main-docgen/npm/scripts/utils/docs/walk-cache.md
/Users/vitaliytv/www/nitra/cursor/.worktrees/main-docgen/npm/scripts/utils/walkDir.mjs|/Users/vitaliytv/www/nitra/cursor/.worktrees/main-docgen/npm/scripts/utils/docs/walkDir.md
/Users/vitaliytv/www/nitra/cursor/.worktrees/main-docgen/npm/scripts/utils/with-lock.mjs|/Users/vitaliytv/www/nitra/cursor/.worktrees/main-docgen/npm/scripts/utils/docs/with-lock.md
/Users/vitaliytv/www/nitra/cursor/.worktrees/main-docgen/npm/scripts/utils/worktree-fingerprint.mjs|/Users/vitaliytv/www/nitra/cursor/.worktrees/main-docgen/npm/scripts/utils/docs/worktree-fingerprint.md
/Users/vitaliytv/www/nitra/cursor/.worktrees/main-docgen/npm/scripts/worktree-cli.mjs|/Users/vitaliytv/www/nitra/cursor/.worktrees/main-docgen/npm/scripts/docs/worktree-cli.md
/Users/vitaliytv/www/nitra/cursor/.worktrees/main-docgen/npm/skills/docgen/js/docgen-scan.mjs|/Users/vitaliytv/www/nitra/cursor/.worktrees/main-docgen/npm/skills/docgen/js/docs/docgen-scan.md
/Users/vitaliytv/www/nitra/cursor/.worktrees/main-docgen/npm/stryker.config.mjs|/Users/vitaliytv/www/nitra/cursor/.worktrees/main-docgen/npm/docs/stryker.config.md
/Users/vitaliytv/www/nitra/cursor/.worktrees/main-docgen/npm/vitest.config.js|/Users/vitaliytv/www/nitra/cursor/.worktrees/main-docgen/npm/docs/vitest.config.md
